,means,stds
0,0.5507412080432179,0.2727179221877636
1,0.5243582843740782,0.378189553900108
2,0.6289789586318408,0.27321565646237334
3,0.45639348655180945,0.30417942490467353
4,0.41843148936707486,0.2068879387184099
5,0.4876998341386785,0.3046268670321402
6,0.46506433468395125,0.2533467178329448
7,0.5600485877236879,0.3506578739603364
8,0.6190062642584947,0.3152417198323133
9,0.5578204440398115,0.22707473415757146
