months,avg perc chg
1,0.9621876244102404
2,-0.06391901046978243
3,1.0023777543088468
4,1.3257837310764764
5,-0.05678630830554399
6,-0.06293733760035791
7,0.8060173681160777
8,-0.10595813100356911
9,-0.4567080523875014
10,0.75808217249759
11,1.2495214370859855
12,1.4834503869006708
