order,0,1
"(1,)",0.5575116103250891,0.4424883896749109
"(0,)",0.49860046245588413,0.5013995375441158
