order,0,1
"(1, 1)",0.5438868436349544,0.4561131563650455
"(1, 0)",0.4842567732487186,0.5157432267512815
"(0, 1)",0.42543324383695386,0.5745667561630461
"(0, 0)",0.5128640776699029,0.48713592233009706
