order,0,1
"(1, 1, 1)",0.5295794725588026,0.47042052744119744
"(1, 1, 0)",0.4915038232795242,0.5084961767204758
"(1, 0, 1)",0.42288306451612906,0.577116935483871
"(0, 1, 0)",0.525530694205393,0.474469305794607
"(1, 0, 0)",0.5026029342167534,0.49739706578324655
"(0, 0, 1)",0.5721722669190724,0.4278277330809276
"(0, 1, 1)",0.4392523364485981,0.5607476635514018
"(0, 0, 0)",0.5236671649227703,0.4763328350772297
